Tiempo|Numero Est.|Cola por estacionamiento|Tipo de evento|Autos en sistema
0,1,0,Llegada,1
20.9,0,1,Llegada,2
67.2,1,1,Llegada,3
117.9,2,1,Llegada,4
133.3,3,1,Llegada,5
164.7,4,1,Llegada,6
206.4,5,1,Llegada,7
209.0,6,1,Llegada,8
244.2,7,1,Llegada,9
251.2,8,1,Llegada,10
408.8,0,0,Salida,9
411.3,9,1,Llegada,10
447.7,0,1,Llegada,10
448.7,-1,1,Llegada,10
474.5,-1,1,Llegada,10
496.6,4,0,Salida,9
500.1,-1,1,Llegada,10
500.4,3,0,Salida,9
504.3,4,1,Llegada,10
532.9,2,0,Salida,9
534.8,3,1,Llegada,10
542.1,2,1,Llegada,10
580.2,-1,1,Salida,10
582.1,-1,1,Llegada,10
588.4,-1,1,Llegada,10
615.0,-1,1,Llegada,10
656.3,6,0,Salida,9
662.1,-1,1,Llegada,10
674.7,-1,1,Salida,10
693.7,7,0,Salida,9
696.0,8,0,Salida,8
719.1,-1,1,Salida,8
735.5,-1,1,Salida,8
745.7,6,1,Llegada,9
747.5,0,0,Salida,8
757.1,7,1,Llegada,9
788.5,0,1,Llegada,10
791.0,8,1,Llegada,10
791.0,-1,1,Llegada,10
841.6,1,0,Salida,9
845.3,-1,1,Llegada,10
846.6,1,1,Llegada,10
852.5,-1,1,Llegada,10
863.7,-1,1,Salida,10
872.5,-1,1,Llegada,10
873.2,-1,1,Llegada,10
881.1,-1,1,Salida,10
915.3,3,0,Salida,9
947.7,-1,1,Llegada,10
963.8,-1,1,Salida,10
996.7,5,0,Salida,9
1015.8,-1,1,Salida,9
1042.9,3,1,Llegada,10
1046.5,5,1,Llegada,10
1055.1,-1,1,Llegada,10
1056.5,-1,1,Llegada,10
1060.7,-1,1,Salida,10
1066.9,-1,1,Llegada,10
1075.7,9,0,Salida,9
1080.9,2,0,Salida,8
1113.8,-1,0,Salida,8
1120.8,-1,0,Salida,8
1126.5,-1,0,Llegada,9
1146.0,-1,0,Salida,9
1155.7,2,1,Llegada,10
1160.8,1,0,Salida,9
1166.3,9,1,Llegada,10
1217.7,1,1,Llegada,10
1231.2,-1,1,Llegada,10
1242.8,-1,1,Llegada,10
1244.4,-1,1,Salida,10
1257.1,-1,1,Llegada,10
1268.9,-1,1,Salida,10
1273.5,-1,1,Llegada,10
1301.2,-1,1,Salida,10
1303.3,-1,1,Llegada,10
1329.9,8,0,Salida,9
1343.7,-1,1,Llegada,10
1355.4,5,0,Salida,9
1382.8,3,0,Salida,8
1383.8,7,0,Salida,7
1392.9,8,1,Llegada,8
1393.7,3,1,Llegada,9
1420.0,-1,1,Salida,9
1432.0,5,1,Llegada,10
1432.1,-1,1,Salida,10
1436.8,-1,1,Salida,10
1449.8,7,1,Llegada,10
1468.1,6,0,Salida,9
1472.8,-1,1,Salida,9
1478.7,-1,1,Salida,9
1504.9,-1,1,Salida,9
1508.3,2,0,Salida,8
1537.8,-1,1,Salida,8
1548.8,-1,1,Salida,8
1587.0,0,0,Salida,7
1593.5,-1,1,Llegada,8
1596.9,0,1,Llegada,9
1621.3,2,1,Llegada,10
1632.6,6,1,Llegada,10
1700.5,-1,1,Llegada,10
1704.1,-1,1,Llegada,10
1706.0,3,0,Salida,9
1707.3,-1,1,Llegada,10
1731.2,-1,1,Salida,10
1741.5,3,1,Llegada,10
1756.2,-1,1,Llegada,10
1778.3,-1,1,Llegada,10
1814.7,-1,1,Llegada,10
1834.1,5,0,Salida,9
1835.9,-1,1,Salida,9
1840.9,-1,1,Llegada,10
1915.6,4,0,Salida,9
1925.2,-1,1,Salida,9
1933.2,2,0,Salida,8
1940.4,5,1,Llegada,9
1950.4,2,1,Llegada,10
1987.3,4,1,Llegada,10
1993.0,-1,1,Salida,10
1997.2,-1,1,Salida,10
2004.0,-1,1,Llegada,10
2044.6,8,0,Salida,9
2052.0,-1,1,Salida,9
2063.0,3,0,Salida,8
2075.3,0,0,Salida,7
2081.8,-1,1,Llegada,8
2085.9,6,0,Salida,7
2089.2,-1,1,Salida,7
2091.0,0,1,Llegada,8
2102.3,-1,1,Salida,8
2124.1,3,1,Llegada,9
2175.4,6,1,Llegada,10
2186.0,-1,1,Salida,10
2226.3,8,1,Llegada,10
2238.0,-1,1,Llegada,10
2244.3,-1,1,Llegada,10
2244.6,-1,1,Salida,10
2251.3,1,0,Salida,9
2259.5,-1,1,Llegada,10
2279.5,1,1,Llegada,10
2286.7,-1,1,Llegada,10
2288.2,-1,1,Llegada,10
2290.0,4,0,Salida,9
2293.2,-1,1,Llegada,10
2294.0,4,1,Llegada,10
2365.9,-1,1,Salida,10
2366.5,2,0,Salida,9
2375.0,7,0,Salida,8
2375.5,3,0,Salida,7
2422.3,-1,1,Llegada,8
2424.3,2,1,Llegada,9
2449.0,9,0,Salida,8
2473.5,5,0,Salida,7
2488.2,3,1,Llegada,8
2492.4,-1,0,Salida,8
2496.9,5,1,Llegada,9
2516.3,-1,0,Salida,9
2524.8,0,0,Salida,8
2533.8,8,0,Salida,7
2555.5,7,1,Llegada,8
2557.8,0,1,Llegada,9
2569.1,8,1,Llegada,10
2599.0,9,1,Llegada,10
2606.9,-1,1,Llegada,10
2684.0,4,0,Salida,9
2686.0,-1,1,Llegada,10
2692.2,4,1,Llegada,10
2696.0,-1,1,Salida,10
2703.9,-1,1,Llegada,10
2714.0,-1,1,Llegada,10
2723.9,-1,1,Salida,10
2730.7,-1,1,Llegada,10
2774.8,-1,1,Salida,10
2785.2,3,0,Salida,9
2789.9,-1,1,Salida,9
2804.8,2,0,Salida,8
2814.3,-1,1,Salida,8
2817.2,6,0,Salida,7
2835.1,8,0,Salida,6
2872.9,-1,1,Llegada,7
2910.4,2,1,Llegada,8
2942.9,-1,1,Salida,8
2943.6,3,1,Llegada,9
2977.0,-1,1,Salida,9
2992.3,6,1,Llegada,10
2996.2,0,0,Salida,9
3004.5,-1,1,Salida,9
3040.1,8,1,Llegada,10
3060.6,4,0,Salida,9
3062.8,0,1,Llegada,10
3093.5,9,0,Salida,9
3111.9,4,1,Llegada,10
3132.2,9,1,Llegada,10
3161.1,-1,1,Llegada,10
3171.0,-1,1,Llegada,10
3175.7,-1,1,Llegada,10
3223.9,-1,1,Llegada,10
3226.1,-1,1,Llegada,10
3226.1,-1,1,Salida,10
3230.3,-1,1,Llegada,10
3234.6,-1,1,Llegada,10
3237.4,-1,1,Llegada,10
3251.7,-1,1,Llegada,10
3252.5,7,0,Salida,9
3260.6,-1,1,Llegada,10
3286.1,7,1,Llegada,10
3345.8,-1,1,Salida,10
3346.9,-1,1,Salida,10
3386.6,-1,1,Llegada,10
3408.1,-1,1,Salida,10
3418.2,-1,1,Llegada,10
3421.7,1,0,Salida,9
3449.5,-1,1,Llegada,10
3454.1,-1,1,Salida,10
3460.9,1,1,Llegada,10
3469.7,-1,1,Salida,10
3474.1,0,0,Salida,9
3490.9,5,0,Salida,8
3503.2,-1,1,Salida,8
3508.8,-1,1,Llegada,9
3523.6,0,1,Llegada,10
3527.4,3,0,Salida,9
3538.0,-1,1,Salida,9
3551.8,-1,1,Salida,9
3557.4,5,1,Llegada,10
3562.1,3,1,Llegada,10
3571.6,-1,1,Llegada,10
3574.8,-1,1,Llegada,10
3580.2,6,0,Salida,9
3613.9,-1,1,Salida,9
3631.8,-1,1,Llegada,10
3668.8,-1,1,Salida,10
3718.3,6,1,Llegada,10
3738.2,-1,1,Salida,10
3765.5,2,0,Salida,9
3777.9,-1,1,Llegada,10
3787.1,2,1,Llegada,10
3794.0,-1,1,Salida,10
3807.7,-1,1,Llegada,10
3827.1,-1,1,Llegada,10
3830.6,-1,1,Salida,10
3840.1,-1,1,Salida,10
3873.2,7,0,Salida,9
3883.7,4,0,Salida,8
3906.7,-1,1,Salida,8
3908.7,-1,1,Llegada,9
3922.4,-1,1,Salida,9
3981.0,8,0,Salida,8
4006.5,4,1,Llegada,9
4013.0,-1,1,Salida,9
4050.5,-1,1,Salida,9
4075.9,6,0,Salida,8
4079.3,7,1,Llegada,9
4093.3,6,1,Llegada,10
4099.3,2,0,Salida,9
4106.4,-1,1,Salida,9
4119.1,8,1,Llegada,10
4174.3,3,0,Salida,9
4198.4,-1,1,Salida,9
4202.7,5,0,Salida,8
4203.7,2,1,Llegada,9
4215.9,0,0,Salida,8
4238.4,3,1,Llegada,9
4320.7,0,1,Llegada,10
4332.7,5,1,Llegada,10
4346.9,-1,1,Llegada,10
4348.0,-1,1,Salida,10
4395.3,-1,1,Salida,10
4458.1,-1,1,Llegada,10
4477.8,3,0,Salida,9
4516.1,-1,1,Llegada,10
4526.5,3,1,Llegada,10
4624.5,9,0,Salida,9
4636.9,-1,1,Llegada,10
4637.1,9,1,Llegada,10
4654.9,1,0,Salida,9
4655.6,8,0,Salida,8
4675.0,-1,1,Salida,8
4695.3,-1,1,Llegada,9
4702.3,1,1,Llegada,10
4707.4,4,0,Salida,9
4707.9,8,1,Llegada,10
4737.9,7,0,Salida,9
4758.2,4,1,Llegada,10
4799.1,7,1,Llegada,10
4871.2,-1,1,Salida,10
4876.6,0,0,Salida,9
4879.3,-1,1,Llegada,10
4881.3,0,1,Llegada,10
4883.5,-1,1,Salida,10
4911.4,-1,1,Llegada,10
4913.8,-1,1,Llegada,10
4918.6,-1,1,Llegada,10
4926.4,-1,1,Llegada,10
4931.8,-1,1,Llegada,10
4972.5,-1,1,Llegada,10
5009.2,-1,1,Llegada,10
5014.7,3,0,Salida,9
5036.2,-1,1,Salida,9
5041.7,-1,1,Salida,9
5043.0,8,0,Salida,8
5046.9,-1,1,Salida,8
5068.6,1,0,Salida,7
5069.5,-1,1,Llegada,8
5072.2,4,0,Salida,7
5106.8,1,1,Llegada,8
5107.4,2,0,Salida,7
5127.0,-1,1,Salida,7
5131.8,3,1,Llegada,8
5135.0,2,1,Llegada,9
5151.0,7,0,Salida,8
5164.5,4,1,Llegada,9
5165.6,6,0,Salida,8
5173.8,-1,1,Salida,8
5209.5,7,1,Llegada,9
5215.1,6,1,Llegada,10
5253.3,8,1,Llegada,10
5253.7,-1,1,Salida,10
5262.1,-1,1,Llegada,10
5288.8,-1,1,Salida,10
5305.7,-1,1,Salida,10
5338.9,-1,1,Llegada,10
5352.1,-1,1,Salida,10
5357.2,-1,1,Llegada,10
5386.5,0,0,Salida,9
5386.6,-1,1,Llegada,10
5389.4,1,0,Salida,9
5396.9,9,0,Salida,8
5407.7,3,0,Salida,7
5409.7,0,1,Llegada,8
5440.7,-1,0,Salida,8
5456.9,1,1,Llegada,9
5462.1,-1,0,Salida,9
5477.8,-1,0,Salida,9
5489.9,3,1,Llegada,10
5496.4,9,1,Llegada,10
5521.0,-1,1,Llegada,10
5546.0,2,0,Salida,9
5567.5,-1,1,Llegada,10
5585.8,-1,1,Salida,10
5594.7,2,1,Llegada,10
5624.7,5,0,Salida,9
5633.4,-1,1,Llegada,10
5635.9,-1,1,Salida,10
5652.1,-1,1,Salida,10
5675.3,5,1,Llegada,10
5692.5,6,0,Salida,9
5742.1,-1,1,Salida,9
5745.8,-1,1,Llegada,10
5788.0,3,0,Salida,9
5797.5,9,0,Salida,8
5845.0,-1,0,Salida,8
5852.4,6,1,Llegada,9
5861.8,3,1,Llegada,10
5869.1,0,0,Salida,9
5872.7,9,1,Llegada,10
5913.3,4,0,Salida,9
5975.3,7,0,Salida,8
5981.5,0,1,Llegada,9
5985.2,-1,1,Salida,9
6004.8,4,1,Llegada,10
6015.0,2,0,Salida,9
6028.6,8,0,Salida,8
6044.3,7,1,Llegada,9
6054.2,2,1,Llegada,10
6069.3,8,1,Llegada,10
6103.8,-1,1,Llegada,10
6120.0,-1,1,Llegada,10
6121.2,-1,1,Llegada,10
6133.5,-1,1,Salida,10
6134.7,-1,1,Salida,10
6142.7,-1,1,Llegada,10
6145.0,-1,1,Llegada,10
6146.8,-1,1,Llegada,10
6150.5,-1,1,Salida,10
6245.1,-1,1,Llegada,10
6245.5,-1,1,Llegada,10
6304.7,-1,1,Llegada,10
6329.3,-1,1,Llegada,10
6329.4,-1,1,Salida,10
6342.8,-1,1,Salida,10
6354.5,-1,1,Llegada,10
6363.3,5,0,Salida,9
6366.7,0,0,Salida,8
6366.8,-1,1,Llegada,9
6371.1,0,1,Llegada,10
6381.9,1,0,Salida,9
6391.7,-1,1,Salida,9
6394.3,5,1,Llegada,10
6421.0,1,1,Llegada,10
6425.0,-1,1,Llegada,10
6456.7,2,0,Salida,9
6482.0,-1,1,Salida,9
6515.6,3,0,Salida,8
6517.0,9,0,Salida,7
6517.5,-1,0,Salida,7
6564.0,-1,0,Llegada,8
6568.3,2,1,Llegada,9
6594.6,3,1,Llegada,10
6600.0,9,1,Llegada,10
6605.5,-1,1,Salida,10
6620.0,7,0,Salida,9
6620.8,-1,1,Llegada,10
6637.6,7,1,Llegada,10
6653.8,-1,1,Llegada,10
6667.5,-1,1,Salida,10
6667.7,-1,1,Salida,10
6670.2,-1,1,Llegada,10
6679.3,-1,1,Llegada,10
6680.3,-1,1,Salida,10
6685.8,-1,1,Salida,10
6694.2,6,0,Salida,9
6705.0,-1,1,Salida,9
6731.6,-1,1,Llegada,10
6738.3,4,0,Salida,9
6742.0,6,1,Llegada,10
6778.0,4,1,Llegada,10
6796.8,0,0,Salida,9
6819.0,-1,1,Llegada,10
6819.8,0,1,Llegada,10
6825.9,-1,1,Llegada,10
6845.6,-1,1,Salida,10
6861.7,-1,1,Llegada,10
6883.7,-1,1,Llegada,10
6919.2,-1,1,Salida,10
6941.2,7,0,Salida,9
7035.1,-1,1,Llegada,10
7036.1,-1,1,Salida,10
7043.8,-1,1,Salida,10
7055.1,-1,1,Salida,10
7082.4,7,1,Llegada,10
7098.8,-1,1,Llegada,10
7099.0,-1,1,Llegada,10
7100.3,-1,1,Llegada,10
7101.3,6,0,Salida,9
7120.0,0,0,Salida,8
7123.4,2,0,Salida,7
7137.9,-1,1,Salida,7
7154.2,-1,1,Salida,7
7170.5,-1,1,Llegada,8
7193.7,8,0,Salida,7
7228.3,0,1,Llegada,8
7236.4,-1,1,Salida,8
7250.2,5,0,Salida,7
7274.1,-1,1,Salida,7
7281.0,-1,1,Salida,7
7292.5,2,1,Llegada,8
7298.8,5,1,Llegada,9
7338.4,1,0,Salida,8
7343.7,-1,1,Salida,8
7373.7,6,1,Llegada,9
7392.4,1,1,Llegada,10
7402.0,9,0,Salida,9
7406.3,8,1,Llegada,10
7422.2,9,1,Llegada,10
7424.8,-1,1,Llegada,10
7435.3,-1,1,Llegada,10
7436.2,-1,1,Llegada,10
7444.5,-1,1,Llegada,10
7449.6,-1,1,Salida,10
7452.0,-1,1,Salida,10
7499.3,-1,1,Salida,10
7511.3,-1,1,Llegada,10
7540.5,3,0,Salida,9
7555.8,-1,1,Llegada,10
7572.4,3,1,Llegada,10
7587.1,-1,1,Salida,10
7613.0,-1,1,Llegada,10
7632.9,6,0,Salida,9
7660.5,-1,1,Salida,9
7675.9,5,0,Salida,8
7680.2,-1,1,Llegada,9
7696.9,5,1,Llegada,10
7717.3,8,0,Salida,9
7734.2,6,1,Llegada,10
7747.1,9,0,Salida,9
7748.1,-1,0,Salida,9
7770.2,-1,0,Salida,9
7772.3,4,0,Salida,8
7793.0,0,0,Salida,7
7798.3,-1,0,Salida,7
7818.8,8,1,Llegada,8
7825.2,-1,0,Salida,8
7831.8,0,1,Llegada,9
7836.4,4,1,Llegada,10
7857.8,9,1,Llegada,10
7862.1,-1,1,Llegada,10
7864.3,-1,1,Llegada,10
7864.7,-1,1,Llegada,10
7901.3,-1,1,Salida,10
7919.6,-1,1,Llegada,10
7924.1,-1,1,Salida,10
7928.3,-1,1,Llegada,10
7937.0,2,0,Salida,9
7943.6,-1,1,Llegada,10
7958.5,-1,1,Salida,10
8003.2,5,0,Salida,9
8015.5,-1,1,Salida,9
8042.7,2,1,Llegada,10
8055.2,3,0,Salida,9
8091.2,5,1,Llegada,10
8106.2,3,1,Llegada,10
8108.2,-1,1,Llegada,10
8131.6,-1,1,Llegada,10
8138.7,7,0,Salida,9
8158.5,-1,1,Llegada,10
8164.7,7,1,Llegada,10
8188.5,-1,1,Llegada,10
8205.3,-1,1,Salida,10
8221.1,-1,1,Llegada,10
8241.1,-1,1,Salida,10
8245.4,-1,1,Llegada,10
8253.6,2,0,Salida,9
8284.2,-1,1,Salida,9
8289.4,-1,1,Salida,9
8296.0,-1,1,Salida,9
8296.1,-1,1,Salida,9
8315.5,-1,1,Salida,9
8354.7,8,0,Salida,8
8375.2,-1,1,Llegada,9
8376.5,2,1,Llegada,10
8385.3,1,0,Salida,9
8397.3,8,1,Llegada,10
8405.7,1,1,Llegada,10
8429.1,-1,1,Salida,10
8439.0,-1,1,Llegada,10
8448.5,4,0,Salida,9
8455.7,-1,1,Llegada,10
8464.8,5,0,Salida,9
8483.3,4,1,Llegada,10
8501.7,6,0,Salida,9
8529.8,5,1,Llegada,10
8536.5,6,1,Llegada,10
8544.3,-1,1,Llegada,10
8554.4,-1,1,Llegada,10
8559.6,-1,1,Salida,10
8560.1,-1,1,Llegada,10
8564.1,-1,1,Salida,10
8591.2,-1,1,Salida,10
8615.7,3,0,Salida,9
8652.3,-1,1,Llegada,10
8661.2,3,1,Llegada,10
8675.9,-1,1,Salida,10
8686.0,-1,1,Llegada,10
8715.3,2,0,Salida,9
8717.8,9,0,Salida,8
8719.8,-1,0,Llegada,9
8736.7,7,0,Salida,8
8745.0,0,0,Salida,7
8749.3,2,1,Llegada,8
8774.5,-1,0,Salida,8
8780.0,-1,0,Salida,8
8781.0,8,0,Salida,7
8781.6,-1,0,Salida,7
8840.7,-1,0,Salida,7
8841.8,4,0,Salida,6
8910.7,0,1,Llegada,7
8928.9,-1,0,Salida,7
8933.5,4,1,Llegada,8
8943.9,7,1,Llegada,9
8957.3,8,1,Llegada,10
8974.5,9,1,Llegada,10
8976.2,-1,1,Llegada,10
8979.7,-1,1,Llegada,10
9007.1,-1,1,Llegada,10
9016.6,-1,1,Llegada,10
9018.4,-1,1,Salida,10
9019.0,-1,1,Llegada,10
9052.8,6,0,Salida,9
9053.6,-1,1,Llegada,10
9056.1,6,1,Llegada,10
9056.8,-1,1,Salida,10
9110.6,-1,1,Llegada,10
9118.6,-1,1,Llegada,10
9134.6,-1,1,Salida,10
9135.0,-1,1,Salida,10
9138.5,-1,1,Salida,10
9138.6,-1,1,Llegada,10
9138.7,-1,1,Salida,10
9141.0,-1,1,Llegada,10
9166.8,-1,1,Salida,10
9195.4,-1,1,Llegada,10
9211.7,4,0,Salida,9
9229.0,-1,1,Salida,9
9233.7,-1,1,Llegada,10
9243.2,0,0,Salida,9
9246.8,-1,1,Salida,9
9262.7,4,1,Llegada,10
9267.7,0,1,Llegada,10
9281.4,-1,1,Salida,10
9285.4,-1,1,Salida,10
9291.1,-1,1,Llegada,10
9296.5,-1,1,Llegada,10
9315.2,-1,1,Salida,10
9317.0,9,0,Salida,9
9346.7,1,0,Salida,8
9357.9,6,0,Salida,7
9372.3,-1,0,Salida,7
9409.6,8,0,Salida,6
9420.2,-1,0,Salida,6
9430.8,-1,0,Llegada,7
9433.2,5,0,Salida,6
9434.8,1,1,Llegada,7
9447.8,5,1,Llegada,8
9448.1,6,1,Llegada,9
9465.4,-1,0,Salida,9
9476.4,8,1,Llegada,10
9511.1,3,0,Salida,9
9567.3,9,1,Llegada,10
9590.7,3,1,Llegada,10
9623.4,-1,1,Llegada,10
9630.8,-1,1,Llegada,10
9652.9,-1,1,Llegada,10
9663.8,7,0,Salida,9
9674.5,-1,1,Salida,9
9711.1,-1,1,Llegada,10
9714.1,7,1,Llegada,10
9715.2,-1,1,Llegada,10
9721.1,-1,1,Salida,10
9736.5,2,0,Salida,9
9749.0,-1,1,Llegada,10
9754.5,2,1,Llegada,10
9758.1,0,0,Salida,9
9781.6,-1,1,Salida,9
9805.1,-1,1,Llegada,10
9825.1,0,1,Llegada,10
9868.5,5,0,Salida,9
9878.8,-1,1,Llegada,10
9885.4,8,0,Salida,9
9888.9,-1,1,Salida,9
9897.8,6,0,Salida,8
9930.2,5,1,Llegada,9
9951.7,6,1,Llegada,10
9958.4,8,1,Llegada,10
9965.5,-1,1,Salida,10
9981.6,-1,1,Salida,10
10007.0,9,0,Salida,9
10008.8,-1,1,Llegada,10
10034.4,-1,1,Salida,10
10035.8,9,1,Llegada,10
10061.5,3,0,Salida,9
10082.4,4,0,Salida,8
10100.8,1,0,Salida,7
10107.2,2,0,Salida,6
10108.9,-1,1,Salida,6
10109.1,-1,1,Llegada,7
10115.1,1,1,Llegada,8
10130.6,2,1,Llegada,9
10142.0,3,1,Llegada,10
10160.9,4,1,Llegada,10
10206.8,-1,1,Llegada,10
10222.0,5,0,Salida,9
10229.9,-1,1,Salida,9
10296.9,-1,1,Salida,9
10328.0,-1,1,Salida,9
10349.1,-1,1,Salida,9
10371.9,6,0,Salida,8
10373.2,-1,1,Llegada,9
10397.9,5,1,Llegada,10
10424.3,6,1,Llegada,10
10448.2,3,0,Salida,9
10465.9,2,0,Salida,8
10470.1,-1,1,Salida,8
10471.0,-1,1,Llegada,9
10474.0,2,1,Llegada,10
10495.7,7,0,Salida,9
10500.8,3,1,Llegada,10
10527.3,7,1,Llegada,10
10540.3,-1,1,Salida,10
10561.8,-1,1,Salida,10
10604.3,-1,1,Llegada,10
10604.9,8,0,Salida,9
10641.6,-1,1,Llegada,10
10654.3,-1,1,Salida,10
10691.0,-1,1,Salida,10
10751.3,8,1,Llegada,10
10830.2,3,0,Salida,9
10840.9,7,0,Salida,8
10864.6,4,0,Salida,7
10877.4,-1,1,Llegada,8
11005.1,0,0,Salida,7
11008.8,3,1,Llegada,8
11012.3,-1,1,Salida,8
11019.0,0,1,Llegada,9
11038.8,4,1,Llegada,10
11050.4,7,1,Llegada,10
11052.4,-1,1,Llegada,10
11055.5,9,0,Salida,9
11111.0,1,0,Salida,8
11126.3,-1,0,Llegada,9
11154.0,5,0,Salida,8
11162.2,-1,0,Salida,8
11185.4,1,1,Llegada,9
11196.9,5,1,Llegada,10
11206.3,8,0,Salida,9
11233.5,2,0,Salida,8
11236.0,9,1,Llegada,9
11264.0,2,1,Llegada,10
11280.3,8,1,Llegada,10
11293.5,-1,1,Llegada,10
11317.8,-1,1,Llegada,10
11340.6,-1,1,Llegada,10
11342.5,-1,1,Salida,10
11350.4,-1,1,Llegada,10
11371.9,-1,1,Llegada,10
11374.4,-1,1,Llegada,10
11394.2,6,0,Salida,9
11418.5,-1,1,Llegada,10
11429.2,-1,1,Salida,10
11460.5,6,1,Llegada,10
11473.4,-1,1,Salida,10
11490.7,4,0,Salida,9
11501.8,-1,1,Llegada,10
11512.0,-1,1,Salida,10
11516.3,-1,1,Salida,10
11524.5,4,1,Llegada,10
11538.7,-1,1,Salida,10
11539.5,-1,1,Llegada,10
11539.9,7,0,Salida,9
11543.7,-1,1,Llegada,10
11546.1,7,1,Llegada,10
11594.7,-1,1,Salida,10
11607.2,2,0,Salida,9
11615.0,-1,1,Salida,9
11616.9,-1,1,Salida,9
11626.0,8,0,Salida,8
11648.4,-1,1,Llegada,9
11659.5,2,1,Llegada,10
11661.9,-1,1,Salida,10
11687.2,8,1,Llegada,10
11711.8,3,0,Salida,9
11725.7,-1,1,Llegada,10
11739.3,3,1,Llegada,10
11755.4,6,0,Salida,9
11759.0,-1,1,Llegada,10
11779.3,-1,1,Salida,10
11790.5,-1,1,Salida,10
11795.9,-1,1,Salida,10
11848.1,-1,1,Salida,10
11855.0,6,1,Llegada,10
11909.0,9,0,Salida,9
11934.3,-1,1,Llegada,10
11936.7,9,1,Llegada,10
11980.9,-1,1,Llegada,10
12005.2,5,0,Salida,9
12011.8,8,0,Salida,8
12048.7,-1,1,Salida,8
12053.9,-1,1,Llegada,9
12056.8,-1,1,Salida,9
12058.8,5,1,Llegada,10
12061.9,2,0,Salida,9
12066.5,6,0,Salida,8
12104.5,4,0,Salida,7
12105.9,0,0,Salida,6
12117.2,8,1,Llegada,7
12176.6,7,0,Salida,6
12197.2,0,1,Llegada,7
12205.4,2,1,Llegada,8
12226.4,4,1,Llegada,9
12258.7,6,1,Llegada,10
12265.9,7,1,Llegada,10
12289.7,-1,1,Llegada,10
12298.3,-1,1,Salida,10
12306.1,-1,1,Llegada,10
12306.3,-1,1,Salida,10
12313.9,-1,1,Llegada,10
12314.3,-1,1,Salida,10
12320.8,-1,1,Llegada,10
12352.1,-1,1,Salida,10
12352.9,-1,1,Llegada,10
12366.0,-1,1,Llegada,10
12407.2,-1,1,Salida,10
12415.5,-1,1,Llegada,10
12430.6,-1,1,Salida,10
12493.6,-1,1,Llegada,10
12498.1,-1,1,Salida,10
12570.2,1,0,Salida,9
12573.0,-1,1,Llegada,10
12578.8,1,1,Llegada,10
12636.3,-1,1,Salida,10
12646.1,8,0,Salida,9
12651.9,-1,1,Llegada,10
12661.3,0,0,Salida,9
12687.5,8,1,Llegada,10
12722.3,-1,1,Salida,10
12725.4,0,1,Llegada,10
12728.6,-1,1,Llegada,10
12730.1,-1,1,Salida,10
12754.7,-1,1,Llegada,10
12760.4,6,0,Salida,9
12765.7,5,0,Salida,8
12772.2,-1,1,Llegada,9
12777.0,5,1,Llegada,10
12793.2,7,0,Salida,9
12815.3,6,1,Llegada,10
12840.7,2,0,Salida,9
12843.4,7,1,Llegada,10
12847.4,2,1,Llegada,10
12853.3,-1,1,Llegada,10
12865.2,-1,1,Salida,10
12899.4,-1,1,Llegada,10
13002.6,-1,1,Llegada,10
13014.1,-1,1,Salida,10
13025.7,-1,1,Llegada,10
13031.4,1,0,Salida,9
13034.3,-1,1,Llegada,10
13039.3,8,0,Salida,9
13082.7,6,0,Salida,8
13116.2,1,1,Llegada,9
13133.6,6,1,Llegada,10
13142.6,-1,1,Salida,10
13148.1,8,1,Llegada,10
13157.5,-1,1,Llegada,10
13166.4,-1,1,Llegada,10
13199.6,-1,1,Llegada,10
13204.6,-1,1,Llegada,10
13206.5,-1,1,Llegada,10
13232.1,5,0,Salida,9
13243.9,-1,1,Llegada,10
13250.8,9,0,Salida,9
13252.3,-1,0,Salida,9
13260.6,5,1,Llegada,10
13271.5,9,1,Llegada,10
13283.7,-1,1,Salida,10
13290.4,-1,1,Llegada,10
13301.6,0,0,Salida,9
13310.0,-1,1,Salida,9
13324.1,-1,1,Llegada,10
13326.5,0,1,Llegada,10
13327.5,-1,1,Llegada,10
13349.7,-1,1,Llegada,10
13354.7,-1,1,Llegada,10
13355.6,-1,1,Salida,10
13370.4,-1,1,Llegada,10
13378.5,1,0,Salida,9
13382.4,-1,1,Llegada,10
13395.3,1,1,Llegada,10
13410.5,-1,1,Salida,10
13448.6,6,0,Salida,9
13460.0,4,0,Salida,8
13504.0,-1,1,Salida,8
13530.4,-1,1,Llegada,9
13538.4,-1,1,Salida,9
13544.5,-1,1,Salida,9
13549.1,-1,1,Salida,9
13569.5,-1,1,Salida,9
13612.2,4,1,Llegada,10
13622.3,-1,1,Salida,10
13631.0,7,0,Salida,9
13635.8,6,1,Llegada,10
13652.6,-1,1,Salida,10
13666.7,0,0,Salida,9
13669.6,-1,1,Salida,9
13690.1,7,1,Llegada,10
13691.1,-1,1,Salida,10
13713.1,0,1,Llegada,10
13724.1,-1,1,Llegada,10
13733.1,-1,1,Llegada,10
13736.1,-1,1,Llegada,10
13746.6,-1,1,Salida,10
13748.3,-1,1,Salida,10
13757.1,-1,1,Llegada,10
13776.5,-1,1,Salida,10
13801.8,3,0,Salida,9
13804.0,-1,1,Salida,9
13804.1,-1,1,Llegada,10
13811.5,3,1,Llegada,10
13825.9,-1,1,Salida,10
13831.6,1,0,Salida,9
13837.6,2,0,Salida,8
13838.6,-1,1,Llegada,9
13855.9,4,0,Salida,8
13866.0,5,0,Salida,7
13898.3,-1,1,Salida,7
13900.3,1,1,Llegada,8
13901.0,2,1,Llegada,9
13910.5,4,1,Llegada,10
13912.2,5,1,Llegada,10
13928.5,8,0,Salida,9
13944.4,-1,1,Salida,9
13966.5,-1,1,Llegada,10
13984.3,-1,1,Salida,10
13988.1,8,1,Llegada,10
14007.7,-1,1,Llegada,10
14010.0,-1,1,Salida,10
14029.9,-1,1,Llegada,10
14053.2,-1,1,Salida,10
14068.9,-1,1,Llegada,10
14071.4,7,0,Salida,9
14082.4,-1,1,Llegada,10
14087.0,7,1,Llegada,10
14116.7,0,0,Salida,9
14128.9,-1,1,Llegada,10
14135.6,0,1,Llegada,10
14176.3,9,0,Salida,9
14183.5,-1,0,Salida,9
14214.4,-1,1,Llegada,10
14215.0,-1,1,Salida,10
14220.7,-1,1,Salida,10
14228.0,9,1,Llegada,10
14240.7,4,0,Salida,9
14246.0,-1,1,Salida,9
14261.2,-1,1,Salida,9
14272.3,-1,1,Llegada,10
14280.5,4,1,Llegada,10
14281.1,-1,1,Llegada,10
14281.8,-1,1,Llegada,10
14284.6,-1,1,Salida,10
14295.1,6,0,Salida,9
14307.2,-1,1,Salida,9
14308.6,3,0,Salida,8
14319.6,-1,1,Salida,8
14320.6,-1,1,Salida,8
14324.2,1,0,Salida,7
14365.9,2,0,Salida,6
14413.9,-1,1,Llegada,7
14441.2,-1,1,Salida,7
14443.8,5,0,Salida,6
14477.8,-1,1,Salida,6
14486.8,8,0,Salida,5
14491.8,-1,1,Salida,5
14501.0,0,0,Salida,4
14510.3,7,0,Salida,3
14536.7,1,1,Llegada,4
14539.6,0,1,Llegada,5
14554.1,-1,1,Salida,5
14616.7,2,1,Llegada,6
14624.1,3,1,Llegada,7
14628.0,5,1,Llegada,8
14629.6,6,1,Llegada,9
14657.7,7,1,Llegada,10
14668.8,8,1,Llegada,10
14669.4,-1,1,Llegada,10
14695.2,-1,1,Llegada,10
14697.2,-1,1,Salida,10
14698.1,-1,1,Llegada,10
14708.5,-1,1,Llegada,10
14713.9,-1,1,Llegada,10
14731.8,-1,1,Llegada,10
14735.0,-1,1,Llegada,10
14739.9,-1,1,Salida,10
14753.4,-1,1,Salida,10
14759.9,-1,1,Llegada,10
14770.9,-1,1,Llegada,10
14809.5,-1,1,Llegada,10
14821.0,-1,1,Llegada,10
14838.1,-1,1,Salida,10
14842.9,4,0,Salida,9
14850.0,0,0,Salida,8
14876.0,-1,1,Llegada,9
14888.1,-1,1,Salida,9
14902.8,3,0,Salida,8
14927.1,0,1,Llegada,9
14951.7,3,1,Llegada,10
15000.0,4,1,Llegada,10
15013.2,-1,1,Llegada,10
15022.6,-1,1,Salida,10
15035.9,-1,1,Llegada,10
15059.6,5,0,Salida,9
15069.8,-1,1,Llegada,10
15076.6,5,1,Llegada,10
15080.9,-1,1,Salida,10
15094.7,2,0,Salida,9
15097.1,-1,1,Salida,9
15104.6,6,0,Salida,8
15105.6,-1,1,Llegada,9
15114.4,-1,1,Salida,9
15129.1,-1,1,Salida,9
15132.3,2,1,Llegada,10
15187.0,8,0,Salida,9
15208.3,-1,1,Salida,9
15225.0,6,1,Llegada,10
15261.0,-1,1,Salida,10
15264.1,9,0,Salida,9
15270.0,3,0,Salida,8
15306.3,8,1,Llegada,9
15326.0,3,1,Llegada,10
15326.4,9,1,Llegada,10
15342.1,-1,1,Salida,10
15350.1,1,0,Salida,9
15350.9,-1,1,Llegada,10
15364.4,-1,1,Salida,10
15370.0,1,1,Llegada,10
15376.3,-1,1,Llegada,10
15376.5,-1,1,Llegada,10
15378.7,-1,1,Llegada,10
15384.3,5,0,Salida,9
15391.1,4,0,Salida,8
15410.2,-1,1,Salida,8
15429.2,-1,1,Llegada,9
15440.9,-1,1,Salida,9
15442.6,-1,1,Salida,9
15451.5,0,0,Salida,8
15465.6,-1,1,Salida,8
15467.6,-1,1,Salida,8
15472.9,2,0,Salida,7
15473.8,4,1,Llegada,8
15475.3,-1,1,Salida,8
15485.5,0,1,Llegada,9
15517.8,2,1,Llegada,10
